-- ============================================
-- 1. 사용자 (user)
-- ============================================
INSERT INTO `user` (`user_id`, `name`, `email`, `status`, `role`, `created_at`, `updated_at`)
VALUES (1, '김철수', 'user1@example.com', 'ACTIVE', 'USER', NOW(), NOW()),
       (2, '이영희', 'user2@example.com', 'ACTIVE', 'USER', NOW(), NOW()),
       (3, '박민수', 'user3@example.com', 'ACTIVE', 'USER', NOW(), NOW()),
       (4, '최지우', 'user4@example.com', 'ACTIVE', 'USER', NOW(), NOW()),
       (5, '정하늘', 'user5@example.com', 'ACTIVE', 'USER', NOW(), NOW()),
       (6, '강서연', 'user6@example.com', 'ACTIVE', 'USER', NOW(), NOW()),
       (7, '윤태양', 'user7@example.com', 'ACTIVE', 'USER', NOW(), NOW()),
       (8, '임바다', 'user8@example.com', 'ACTIVE', 'USER', NOW(), NOW()),
       (9, '한별이', 'user9@example.com', 'ACTIVE', 'USER', NOW(), NOW()),
       (10, '송하늘', 'user10@example.com', 'ACTIVE', 'ADMIN', NOW(), NOW());
-- ============================================
-- 2. 인증 정보 (auth)
-- ============================================
INSERT INTO `auth` (`auth_id`, `user_id`, `provider`, `provider_user_id`,
                    `last_login_at`, `created_at`, `updated_at`)
VALUES (1, 1, 'KAKAO', 'kakao_user1', NOW(), NOW(), NOW()),
       (2, 2, 'GOOGLE', 'google_user2', NOW(), NOW(), NOW()),
       (3, 3, 'NAVER', 'naver_user3', NOW(), NOW(), NOW()),
       (4, 4, 'KAKAO', 'kakao_user4', NOW(), NOW(), NOW()),
       (5, 5, 'GOOGLE', 'google_user5', NOW(), NOW(), NOW()),
       (6, 6, 'NAVER', 'naver_user6', NOW(), NOW(), NOW()),
       (7, 7, 'KAKAO', 'kakao_user7', NOW(), NOW(), NOW()),
       (8, 8, 'GOOGLE', 'google_user8', NOW(), NOW(), NOW()),
       (9, 9, 'NAVER', 'naver_user9', NOW(), NOW(), NOW()),
       (10, 10, 'GOOGLE', 'google_admin', NOW(), NOW(), NOW());

-- ============================================
-- 3. 블로그 타입 (blog_type)
-- ============================================
INSERT INTO `blog_type` (`blog_type_id`, `blog_type_name`, `blog_base_url`, `created_at`, `updated_at`)
VALUES (1, '네이버 블로그', 'https://blog.naver.com', NOW(), NOW()),
       (2, '티스토리', 'https://tistory.com', NOW(), NOW());



-- ============================================
-- -- 7. 워크플로우 (workflow)
-- -- ============================================
-- INSERT INTO `workflow` (`workflow_id`,`user_id`, `user_blog_id`, `trend_category_id`, `recurrence_rule_id`, `status`, `site_url`, `test_status`,`deleted_at`, `created_at`, `updated_at`)
-- VALUES
-- (1, 2, 1, 5, 1, 'PENDING', 'https://www.musinsa.com', 'NOT_TESTED',NULL, NOW(), NOW()),
-- (2, 2, 2, 6, 2, 'PENDING', 'https://www.gmarket.co.kr', 'NOT_TESTED',NULL, NOW(), NOW()),
-- (3, 2, 3, 3, 3, 'PENDING', 'https://www.29cm.co.kr', 'NOT_TESTED',NULL, NOW(), NOW()),
-- (4, 2, 4, 4, 4, 'ACTIVE', 'https://www.oliveyoung.co.kr', 'NOT_TESTED',NULL, NOW(), NOW()),
-- (5, 2, 5, 6, 5, 'ACTIVE', 'https://www.11st.co.kr', 'NOT_TESTED',NULL, NOW(), NOW());
--
-- -- ============================================
-- -- 8. 작업 (work)
-- -- ============================================
-- INSERT INTO `work` (`work_id`, `workflow_id`, `status`, `posting_url`, `started_at`, `completed_at`, `view_count`, `created_at`, `updated_at`)
-- VALUES (1, 1, 'COMPLETED', 'https://blog.naver.com/user123/123456', DATE_SUB(NOW(), INTERVAL 1 DAY), DATE_SUB(NOW(), INTERVAL 1 DAY), 152, NOW(), NOW()),
--        (2, 1, 'COMPLETED', 'https://blog.naver.com/user123/123457', DATE_SUB(NOW(), INTERVAL 8 DAY), DATE_SUB(NOW(), INTERVAL 8 DAY), 95, NOW(), NOW()),
--        (3, 2, 'COMPLETED', 'https://admin.tistory.com/123', DATE_SUB(NOW(), INTERVAL 2 DAY), DATE_SUB(NOW(), INTERVAL 2 DAY), 287, NOW(), NOW()),
--        (4, 2, 'COMPLETED', 'https://admin.tistory.com/124', DATE_SUB(NOW(), INTERVAL 9 DAY), DATE_SUB(NOW(), INTERVAL 9 DAY), 143, NOW(), NOW()),
--        (5, 1, 'COMPLETED', 'https://blog.naver.com/user123/123458', DATE_SUB(NOW(), INTERVAL 10 DAY), DATE_SUB(NOW(), INTERVAL 10 DAY), 221, NOW(), NOW()),
--        (6, 3, 'COMPLETED', 'https://blog.naver.com/user123/234567', DATE_SUB(NOW(), INTERVAL 3 DAY), DATE_SUB(NOW(), INTERVAL 3 DAY), 89, NOW(), NOW()),
--        (7, 3, 'COMPLETED', 'https://blog.naver.com/user123/234568', DATE_SUB(NOW(), INTERVAL 5 DAY), DATE_SUB(NOW(), INTERVAL 5 DAY), 124, NOW(), NOW()),
--        (8, 4, 'COMPLETED', 'https://blog.naver.com/user123/345678', DATE_SUB(NOW(), INTERVAL 4 DAY), DATE_SUB(NOW(), INTERVAL 4 DAY), 203, NOW(), NOW()),
--        (9, 4, 'COMPLETED', 'https://blog.naver.com/user123/345679', DATE_SUB(NOW(), INTERVAL 11 DAY), DATE_SUB(NOW(), INTERVAL 11 DAY), 168, NOW(), NOW()),
--        (10, 5, 'COMPLETED', 'https://blog.naver.com/user123/456789', DATE_SUB(NOW(), INTERVAL 6 DAY), DATE_SUB(NOW(), INTERVAL 6 DAY), 176, NOW(), NOW()),
--        (11, 5, 'COMPLETED', 'https://blog.naver.com/user123/456790', DATE_SUB(NOW(), INTERVAL 7 DAY), DATE_SUB(NOW(), INTERVAL 7 DAY), 312, NOW(), NOW());

-- ============================================
-- 9. 상품 크롤링 (product_crawl)
-- ============================================
INSERT INTO `product_crawl` (`product_crawl_id`, `site_name`, `site_url`, `product_name`, `product_code`,
                             `product_detail_url`, `product_price`, `started_at`, `completed_at`, `created_at`, `updated_at`)
VALUES (1, '쿠팡', 'https://www.coupang.com', '여름 원피스', 'PROD001', 'https://www.coupang.com/products/12345', 29900, NOW(), NOW(), NOW(), NOW()),
       (2, '쿠팡', 'https://www.coupang.com', '갤럭시 S24', 'PROD002', 'https://www.coupang.com/products/67890', 999000, NOW(), NOW(), NOW(), NOW()),
       (3, '11번가', 'https://www.11st.co.kr', '봄 원피스', 'PROD003', 'https://www.11st.co.kr/products/11111', 35000, NOW(), NOW(), NOW(), NOW()),
       (4, '11번가', 'https://www.11st.co.kr', '아이폰 15', 'PROD004', 'https://www.11st.co.kr/products/22222', 1200000, NOW(), NOW(), NOW(), NOW());

-- ============================================
-- 10. AI 콘텐츠 (ai_content)
-- ============================================
-- INSERT INTO `ai_content` (`ai_content_id`, `work_id`, `title`, `content`, `status`, `choice_product`,
--                           `choice_trend_keyword`, `started_at`, `completed_at`, `created_at`, `updated_at`)
-- VALUES (1, 1, '2024 여름 원피스 추천', '올 여름 트렌디한 원피스를 소개합니다...', 'PUBLISHED', 'PROD001', '여름원피스', '2025-12-13 10:00:00', '2025-12-13 10:00:00', NOW(), NOW()),
--        (2, 3, '갤럭시 S24 완벽 리뷰', '최신 갤럭시 S24의 모든 것을 알아봅니다...', 'PUBLISHED', 'PROD002', '갤럭시S24', '2025-12-13 14:00:00', '2025-12-13 14:00:00', NOW(), NOW()),
--        (3, 6, '가을 여성패션 트렌드 2024', '올 가을 여성패션 필수 아이템을 소개합니다...', 'PUBLISHED', 'PROD003', '가을패션', '2025-12-14 09:00:00', '2025-12-14 09:00:00', NOW(), NOW()),
--        (4, 7, '데일리 여성 코디 추천', '데일리로 입기 좋은 여성 코디를 추천합니다...', 'PUBLISHED', 'PROD003', '데일리룩', '2025-12-14 12:00:00', '2025-12-14 12:00:00', NOW(), NOW()),
--        (5, 8, '아이폰 15 vs 갤럭시 S24 비교', '최신 스마트폰 두 모델을 비교 분석합니다...', 'PUBLISHED', 'PROD004', '스마트폰비교', '2025-12-14 16:00:00', '2025-12-14 16:00:00', NOW(), NOW()),
--        (6, 10, '갤럭시 S24 카메라 성능 리뷰', '갤럭시 S24의 카메라 성능을 상세히 리뷰합니다...', 'PUBLISHED', 'PROD002', '카메라리뷰', '2025-12-15 11:00:00', '2025-12-15 11:00:00', NOW(), NOW()),
--        (7, 11, '2024 최고의 플래그십 스마트폰', '올해의 최고 플래그십 스마트폰을 소개합니다...', 'PUBLISHED', 'PROD002', '플래그십폰', '2025-12-15 15:00:00', '2025-12-15 15:00:00', NOW(), NOW());

-- ============================================
-- 11. 작업 상세 로그 (work_detail_log)
-- ============================================
INSERT INTO `work_detail_log` (`log_id`, `work_id`, `step_number`, `step_name`, `log_data`, `status`, `log_level`,
                               `created_at`, `updated_at`)
VALUES (1, 1, 1, 'HTML 크롤링', '{"url": "https://www.coupang.com"}', 'SUCCESS', 'INFO', NOW(), NOW()),
       (2, 1, 2, '상품 정보 추출', '{"products_found": 2}', 'SUCCESS', 'INFO', NOW(), NOW()),
       (3, 1, 3, 'AI 콘텐츠 생성', '{"title": "2024 여름 원피스 추천"}', 'SUCCESS', 'INFO', NOW(), NOW()),
       (4, 1, 4, '블로그 포스팅', '{"post_url": "https://blog.naver.com/user123/123456"}', 'SUCCESS', 'INFO', NOW(), NOW()),
       (5, 3, 1, 'HTML 크롤링', '{"url": "https://www.11st.co.kr"}', 'SUCCESS', 'INFO', NOW(), NOW()),
       (6, 3, 2, '상품 정보 추출', '{"products_found": 2}', 'SUCCESS', 'INFO', NOW(), NOW()),
       (7, 3, 3, 'AI 콘텐츠 생성', '{"title": "갤럭시 S24 완벽 리뷰"}', 'SUCCESS', 'INFO', NOW(), NOW()),
       (8, 3, 4, '블로그 포스팅', '{"post_url": "https://admin.tistory.com/123"}', 'SUCCESS', 'INFO', NOW(), NOW());

-- ============================================
-- 12. AI 사용 로그 (ai_usage_log)
('ONCE', 'REPEAT_TYPE', '한번만', '1회만 실행', 1, TRUE, NOW(), NOW()),
('DAILY', 'REPEAT_TYPE', '매일', '매일 반복 실행', 2, TRUE, NOW(), NOW()),
('WEEKLY', 'REPEAT_TYPE', '매주', '매주 반복 실행', 3, TRUE, NOW(), NOW()),
('MONTHLY', 'REPEAT_TYPE', '매월', '매월 반복 실행', 4, TRUE, NOW(), NOW()),
('CUSTOM', 'REPEAT_TYPE', '사용자정의', '사용자가 정의한 반복 규칙', 5, TRUE, NOW(), NOW()),
-- WORKFLOW_STATUS
('WORKFLOW_PENDING', 'WORKFLOW_STATUS', '대기', '워크플로우 생성 후 첫 실행 대기 중', 1, TRUE, NOW(), NOW()),
('WORKFLOW_ACTIVE', 'WORKFLOW_STATUS', '활성', '워크플로우가 활성화되어 자동 실행 중', 2, TRUE, NOW(), NOW()),
('WORKFLOW_INACTIVE', 'WORKFLOW_STATUS', '비활성', '워크플로우가 비활성화되어 실행 중지', 3, TRUE, NOW(), NOW()),
('WORKFLOW_COMPLETED', 'WORKFLOW_STATUS', '완료', '워크플로우 완전 종료', 4, TRUE, NOW(), NOW()),
-- LOG_LEVEL
('TRACE', 'LOG_LEVEL', '추적', '가장 상세한 추적 정보', 1, TRUE, NOW(), NOW()),
('DEBUG', 'LOG_LEVEL', '디버그', '디버깅용 상세 정보', 2, TRUE, NOW(), NOW()),
('INFO', 'LOG_LEVEL', '정보', '일반 정보성 메시지', 3, TRUE, NOW(), NOW()),
('WARN', 'LOG_LEVEL', '경고', '경고 메시지', 4, TRUE, NOW(), NOW()),
('ERROR', 'LOG_LEVEL', '오류', '오류 메시지', 5, TRUE, NOW(), NOW()),
('FATAL', 'LOG_LEVEL', '치명적', '치명적인 오류', 6, TRUE, NOW(), NOW()),
-- STEP_STATUS
('SUCCESS', 'STEP_STATUS', '성공', '단계 실행 성공', 1, TRUE, NOW(), NOW()),
('STEP_FAILED', 'STEP_STATUS', '실패', '단계 실행 실패', 2, TRUE, NOW(), NOW()),
('SKIPPED', 'STEP_STATUS', '건너뜀', '단계 건너뜀', 3, TRUE, NOW(), NOW()),
('RETRY', 'STEP_STATUS', '재시도', '재시도 중', 4, TRUE, NOW(), NOW()),
-- SITE_URL_INFO
('MUSINSA', 'SITE_URL_INFO', '무신사', 'https://www.musinsa.com', 1, TRUE, NOW(), NOW()),
('GMARKET', 'SITE_URL_INFO', 'G마켓', 'https://www.gmarket.co.kr', 2, TRUE, NOW(), NOW()),
('TWENTY_NINE_CM', 'SITE_URL_INFO', '29CM', 'https://www.29cm.co.kr', 3, TRUE, NOW(), NOW()),
('OLIVEYOUNG', 'SITE_URL_INFO', '올리브영', 'https://www.oliveyoung.co.kr', 4, TRUE, NOW(), NOW()),
('ELEVEN_ST', 'SITE_URL_INFO', '11번가', 'https://www.11st.co.kr', 5, TRUE, NOW(), NOW()),
('SSG', 'SITE_URL_INFO', 'SSG', 'https://www.ssg.com', 6, TRUE, NOW(), NOW()),
('EQL', 'SITE_URL_INFO', 'EQL', 'https://www.eql.kr', 7, TRUE, NOW(), NOW()),
('KREAM', 'SITE_URL_INFO', '크림', 'https://kream.co.kr', 8, TRUE, NOW(), NOW()),
('ZIGZAG', 'SITE_URL_INFO', '지그재그', 'https://www.zigzag.kr', 9, TRUE, NOW(), NOW()),
('SSADAGU', 'SITE_URL_INFO', '싸다구', 'https://www.sadagu.kr', 10, TRUE, NOW(), NOW());

-- ============================================
-- 18. 시스템 로그 (system_logs)
-- ============================================
-- INSERT INTO `system_logs` (`log_id`, `log_level`, `message`, `error_type`, `task_type`, `ip_address`, `stack_trace`,
--                            `request_data`, `created_at`, `updated_at`)
-- VALUES (1, 'INFO', '워크플로우 1 시작', NULL, 'WORKFLOW_START', '127.0.0.1', NULL, '{"workflow_id": 1}', NOW(), NOW()),
--        (2, 'ERROR', '크롤링 실패', 'NETWORK_ERROR', 'HTML_CRAWL', '127.0.0.1', 'java.net.ConnectException...',
--         '{"url": "https://example.com"}', NOW(), NOW()),
--        (3, 'INFO', '워크플로우 2 시작', NULL, 'WORKFLOW_START', '127.0.0.2', NULL, '{"workflow_id": 2}', NOW(), NOW());
--
-- -- ============================================
-- -- 19. 일별 통계 (daily_statistics)
-- -- ============================================
-- INSERT INTO `daily_statistics` (`stat_id`, `workflow_id`, `stat_date`, `total_users`, `user_growth_rate`, `total_posts`,
--                                 `successful_posts`, `post_growth_rate`, `ai_requests`, `ai_cost`, `ai_growth_rate`,
--                                 `today_value`, `today_growth_rate`, `created_at`, `updated_at`)
-- VALUES (1, 1, CURDATE(), 1, 0.00, 1, 1, 0.00, 1, 0.01, 0.00, 1, 0.00, NOW(), NOW()),
--        (2, 2, CURDATE(), 1, 0.00, 1, 1, 0.00, 1, 0.02, 0.00, 1, 0.00, NOW(), NOW());
--
-- -- ============================================
-- -- 20. 시스템 일별 통계 (system_daily_statistics)
-- -- ============================================
-- -- 데이터 설명:
-- -- - 365일간의 일별 통계 데이터 (년/월/일 단위 프론트엔드 테스트용)
-- -- - 날짜 범위: 2024-12-15 ~ 2025-12-14
-- -- - 성장 패턴: 초기 급성장 → 성장기 → 성숙기
-- -- - 주말/평일 패턴 포함, 현실적인 사용자 행동 반영
-- --
-- -- 생성 정보:
-- -- - 총 레코드 수: 365개
-- -- - 시작: 14명 사용자, $10.94 AI 비용
-- -- - 종료: 976명 사용자, $1235.17 AI 비용
-- --
-- DELETE FROM `system_daily_statistics`;
-- SET @stat_id := 0;
-- INSERT INTO `system_daily_statistics`
-- (`stat_id`, `stat_date`, `total_users`, `user_growth_rate`, `total_workflows`, `workflow_growth_rate`,
--  `post_growth_rate`, `total_ai_requests`, `total_ai_cost`, `ai_cost_growth_rate`,
--  `active_users_today`, `active_user_growth_rate`, `created_at`, `updated_at`)
-- VALUES
-- (@stat_id := @stat_id + 1, '2024-12-15', 14, 0.00, 25, 0, 0.00, 600, 10.94, 0.00, 3, 0.00, NOW(), NOW()),
-- (@stat_id := @stat_id + 1, '2024-12-16', 18, 28.57, 27, 8, 8.11, 726, 13.43, 22.77, 6, 100.00, NOW(), NOW()),
-- (@stat_id := @stat_id + 1, '2024-12-17', 22, 22.22, 33, 22, 14.10, 876, 16.43, 22.39, 8, 33.33, NOW(), NOW()),
-- (@stat_id := @stat_id + 1, '2024-12-18', 23, 4.55, 45, 36, 14.68, 934, 17.81, 8.37, 8, 0.00, NOW(), NOW()),
-- (@stat_id := @stat_id + 1, '2024-12-19', 27, 17.39, 42, -6, 15.57, 1114, 21.95, 23.25, 10, 25.00, NOW(), NOW()),
-- (@stat_id := @stat_id + 1, '2024-12-20', 28, 3.70, 53, 26, 12.64, 1164, 23.05, 5.01, 10, 0.00, NOW(), NOW()),
-- (@stat_id := @stat_id + 1, '2024-12-21', 31, 10.71, 61, 15, 16.91, 1314, 25.35, 9.96, 6, -40.00, NOW(), NOW()),
-- (@stat_id := @stat_id + 1, '2024-12-22', 32, 3.23, 63, 3, 7.39, 1366, 26.39, 4.09, 9, 50.00, NOW(), NOW()),
-- (@stat_id := @stat_id + 1, '2024-12-23', 33, 3.13, 49, -22, 12.14, 1416, 27.63, 4.73, 13, 44.44, NOW(), NOW()),
-- (@stat_id := @stat_id + 1, '2024-12-24', 36, 9.09, 68, 38, 18.32, 1536, 29.55, 6.95, 12, -7.69, NOW(), NOW()),
-- (@stat_id := @stat_id + 1, '2024-12-25', 38, 5.56, 69, 1, 15.08, 1596, 30.67, 3.77, 14, 16.67, NOW(), NOW()),
-- (@stat_id := @stat_id + 1, '2024-12-26', 39, 2.63, 74, 7, 15.94, 1646, 31.84, 3.82, 15, 7.14, NOW(), NOW()),
-- (@stat_id := @stat_id + 1, '2024-12-27', 41, 5.13, 79, 6, 7.71, 1754, 33.73, 5.94, 14, -6.67, NOW(), NOW()),
-- (@stat_id := @stat_id + 1, '2024-12-28', 42, 2.44, 63, -20, 19.20, 1804, 34.64, 2.69, 11, -21.43, NOW(), NOW()),
-- (@stat_id := @stat_id + 1, '2024-12-29', 43, 2.38, 69, 9, 9.84, 1854, 35.66, 2.96, 9, -18.18, NOW(), NOW()),
-- (@stat_id := @stat_id + 1, '2024-12-30', 45, 4.65, 85, 23, 9.30, 1954, 37.69, 5.68, 16, 77.78, NOW(), NOW()),
-- (@stat_id := @stat_id + 1, '2024-12-31', 47, 4.44, 76, -10, 5.95, 2026, 39.13, 3.82, 17, 6.25, NOW(), NOW()),
-- (@stat_id := @stat_id + 1, '2025-01-01', 49, 4.26, 86, 13, 19.45, 2146, 41.70, 6.58, 18, 5.88, NOW(), NOW()),
-- (@stat_id := @stat_id + 1, '2025-01-02', 52, 6.12, 89, 3, 13.01, 2261, 43.86, 5.17, 19, 5.56, NOW(), NOW()),
-- (@stat_id := @stat_id + 1, '2025-01-03', 53, 1.92, 90, 1, 17.51, 2311, 44.69, 1.89, 18, -5.26, NOW(), NOW()),
-- (@stat_id := @stat_id + 1, '2025-01-04', 56, 5.66, 106, 17, 11.01, 2401, 46.39, 3.81, 15, -16.67, NOW(), NOW()),
-- (@stat_id := @stat_id + 1, '2025-01-05', 60, 7.14, 105, 0, 13.24, 2492, 48.17, 3.83, 13, -13.33, NOW(), NOW()),
-- (@stat_id := @stat_id + 1, '2025-01-06', 61, 1.67, 92, -12, 15.69, 2550, 49.10, 1.94, 24, 84.62, NOW(), NOW()),
-- (@stat_id := @stat_id + 1, '2025-01-07', 63, 3.28, 117, 27, 9.57, 2658, 51.09, 4.04, 24, 0.00, NOW(), NOW()),
-- (@stat_id := @stat_id + 1, '2025-01-08', 65, 3.17, 106, -9, 10.09, 2730, 52.87, 3.50, 24, 0.00, NOW(), NOW()),
-- (@stat_id := @stat_id + 1, '2025-01-09', 66, 1.54, 99, -6, 6.95, 2780, 54.06, 2.24, 24, 0.00, NOW(), NOW()),
-- (@stat_id := @stat_id + 1, '2025-01-10', 70, 6.06, 120, 21, 8.99, 2899, 56.37, 4.28, 27, 12.50, NOW(), NOW()),
-- (@stat_id := @stat_id + 1, '2025-01-11', 72, 2.86, 126, 5, 14.01, 2971, 57.60, 2.18, 17, -37.04, NOW(), NOW()),
-- (@stat_id := @stat_id + 1, '2025-01-12', 73, 1.39, 117, -7, 9.79, 3021, 58.65, 1.83, 14, -17.65, NOW(), NOW()),
-- (@stat_id := @stat_id + 1, '2025-01-13', 74, 1.37, 138, 17, 16.01, 3071, 59.52, 1.48, 29, 107.14, NOW(), NOW()),
-- (@stat_id := @stat_id + 1, '2025-01-14', 76, 2.70, 151, 9, 14.52, 3127, 60.58, 1.78, 27, -6.90, NOW(), NOW()),
-- (@stat_id := @stat_id + 1, '2025-01-15', 78, 2.63, 124, -17, 11.74, 3177, 61.36, 1.29, 28, 3.70, NOW(), NOW()),
-- (@stat_id := @stat_id + 1, '2025-01-16', 80, 2.56, 147, 18, 15.52, 3293, 63.32, 3.20, 31, 10.71, NOW(), NOW()),
-- (@stat_id := @stat_id + 1, '2025-01-17', 84, 5.00, 166, 12, 6.25, 3461, 66.50, 5.03, 29, -6.45, NOW(), NOW()),
-- (@stat_id := @stat_id + 1, '2025-01-18', 86, 2.38, 144, -13, 18.68, 3577, 68.80, 3.46, 24, -17.24, NOW(), NOW()),
-- (@stat_id := @stat_id + 1, '2025-01-19', 87, 1.16, 164, 13, 16.38, 3627, 69.97, 1.70, 24, 0.00, NOW(), NOW()),
-- (@stat_id := @stat_id + 1, '2025-01-20', 89, 2.30, 173, 5, 8.06, 3677, 70.90, 1.33, 32, 33.33, NOW(), NOW()),
-- (@stat_id := @stat_id + 1, '2025-01-21', 91, 2.25, 164, -5, 17.21, 3749, 72.53, 2.29, 35, 9.38, NOW(), NOW()),
-- (@stat_id := @stat_id + 1, '2025-01-22', 93, 2.20, 183, 11, 11.99, 3849, 74.71, 3.01, 33, -5.71, NOW(), NOW()),
-- (@stat_id := @stat_id + 1, '2025-01-23', 97, 4.30, 192, 4, 12.87, 3945, 76.22, 2.01, 36, 9.09, NOW(), NOW()),
-- (@stat_id := @stat_id + 1, '2025-01-24', 98, 1.03, 169, -11, 8.80, 3995, 77.01, 1.04, 36, 0.00, NOW(), NOW()),
-- (@stat_id := @stat_id + 1, '2025-01-25', 101, 3.06, 157, -7, 18.47, 4085, 79.19, 2.84, 27, -25.00, NOW(), NOW()),
-- (@stat_id := @stat_id + 1, '2025-01-26', 103, 1.98, 182, 15, 9.81, 4145, 80.11, 1.16, 21, -22.22, NOW(), NOW()),
-- (@stat_id := @stat_id + 1, '2025-01-27', 106, 2.91, 183, 0, 8.50, 4295, 83.01, 3.62, 39, 85.71, NOW(), NOW()),
-- (@stat_id := @stat_id + 1, '2025-01-28', 107, 0.94, 167, -8, 8.59, 4345, 83.86, 1.03, 39, 0.00, NOW(), NOW()),
-- (@stat_id := @stat_id + 1, '2025-01-29', 111, 3.74, 202, 20, 5.91, 4492, 86.70, 3.38, 42, 7.69, NOW(), NOW()),
-- (@stat_id := @stat_id + 1, '2025-01-30', 115, 3.60, 183, -9, 18.89, 4583, 88.28, 1.82, 41, -2.38, NOW(), NOW()),
-- (@stat_id := @stat_id + 1, '2025-01-31', 118, 2.61, 190, 3, 13.26, 4663, 89.50, 1.39, 46, 12.20, NOW(), NOW()),
-- (@stat_id := @stat_id + 1, '2025-02-01', 122, 3.39, 190, 0, 10.66, 4741, 91.10, 1.79, 27, -41.30, NOW(), NOW()),
-- (@stat_id := @stat_id + 1, '2025-02-02', 125, 2.46, 241, 26, 16.52, 4909, 93.97, 3.15, 35, 29.63, NOW(), NOW()),
-- (@stat_id := @stat_id + 1, '2025-02-03', 129, 3.20, 253, 4, 5.89, 5109, 98.51, 4.83, 46, 31.43, NOW(), NOW()),
-- (@stat_id := @stat_id + 1, '2025-02-04', 130, 0.78, 222, -12, 12.26, 5159, 99.27, 0.77, 49, 6.52, NOW(), NOW()),
-- (@stat_id := @stat_id + 1, '2025-02-05', 134, 3.08, 253, 13, 11.07, 5278, 102.15, 2.89, 48, -2.04, NOW(), NOW()),
-- (@stat_id := @stat_id + 1, '2025-02-06', 138, 2.99, 224, -11, 9.89, 5383, 104.33, 2.14, 52, 8.33, NOW(), NOW()),
-- (@stat_id := @stat_id + 1, '2025-02-07', 142, 2.90, 268, 19, 10.74, 5544, 108.28, 3.79, 50, -3.85, NOW(), NOW()),
-- (@stat_id := @stat_id + 1, '2025-02-08', 144, 1.41, 227, -15, 16.46, 5648, 110.41, 1.96, 38, -24.00, NOW(), NOW()),
-- (@stat_id := @stat_id + 1, '2025-02-09', 146, 1.39, 269, 18, 5.35, 5714, 111.74, 1.20, 33, -13.16, NOW(), NOW()),
-- (@stat_id := @stat_id + 1, '2025-02-10', 147, 0.68, 247, -8, 8.97, 5772, 113.08, 1.20, 52, 57.58, NOW(), NOW()),
-- (@stat_id := @stat_id + 1, '2025-02-11', 151, 2.72, 259, 4, 10.36, 5863, 115.21, 1.89, 53, 1.92, NOW(), NOW()),
-- (@stat_id := @stat_id + 1, '2025-02-12', 153, 1.32, 269, 3, 19.08, 5967, 117.62, 2.10, 58, 9.43, NOW(), NOW()),
-- (@stat_id := @stat_id + 1, '2025-02-13', 154, 0.65, 262, -2, 14.22, 6021, 118.89, 1.08, 58, 0.00, NOW(), NOW()),
-- (@stat_id := @stat_id + 1, '2025-02-14', 158, 2.60, 259, -1, 14.65, 6123, 120.92, 1.71, 60, 3.45, NOW(), NOW()),
-- (@stat_id := @stat_id + 1, '2025-02-15', 159, 0.63, 243, -6, 17.18, 6173, 122.15, 1.01, 33, -45.00, NOW(), NOW()),
-- (@stat_id := @stat_id + 1, '2025-02-16', 161, 1.26, 249, 2, 13.29, 6223, 123.25, 0.90, 41, 24.24, NOW(), NOW()),
-- (@stat_id := @stat_id + 1, '2025-02-17', 163, 1.24, 315, 26, 14.06, 6273, 124.25, 0.81, 58, 41.46, NOW(), NOW()),
-- (@stat_id := @stat_id + 1, '2025-02-18', 167, 2.45, 314, 0, 9.78, 6449, 128.19, 3.17, 58, 0.00, NOW(), NOW()),
-- (@stat_id := @stat_id + 1, '2025-02-19', 168, 0.60, 296, -5, 14.32, 6499, 129.40, 0.95, 65, 12.07, NOW(), NOW()),
-- (@stat_id := @stat_id + 1, '2025-02-20', 171, 1.79, 283, -4, 19.68, 6607, 131.81, 1.86, 66, 1.54, NOW(), NOW()),
-- (@stat_id := @stat_id + 1, '2025-02-21', 175, 2.34, 306, 8, 9.81, 6677, 132.92, 0.85, 68, 3.03, NOW(), NOW()),
-- (@stat_id := @stat_id + 1, '2025-02-22', 177, 1.14, 315, 2, 17.76, 6740, 133.88, 0.72, 50, -26.47, NOW(), NOW()),
-- (@stat_id := @stat_id + 1, '2025-02-23', 178, 0.56, 287, -8, 7.63, 6790, 134.64, 0.56, 46, -8.00, NOW(), NOW()),
-- (@stat_id := @stat_id + 1, '2025-02-24', 182, 2.25, 319, 11, 16.94, 6965, 138.04, 2.53, 72, 56.52, NOW(), NOW()),
-- (@stat_id := @stat_id + 1, '2025-02-25', 186, 2.20, 357, 11, 16.80, 7197, 141.83, 2.75, 72, 0.00, NOW(), NOW()),
-- (@stat_id := @stat_id + 1, '2025-02-26', 190, 2.15, 351, -1, 18.16, 7330, 144.32, 1.75, 73, 1.39, NOW(), NOW()),
-- (@stat_id := @stat_id + 1, '2025-02-27', 191, 0.53, 330, -5, 7.79, 7380, 145.39, 0.75, 75, 2.74, NOW(), NOW()),
-- (@stat_id := @stat_id + 1, '2025-02-28', 192, 0.52, 364, 10, 18.60, 7430, 146.62, 0.84, 75, 0.00, NOW(), NOW()),
-- (@stat_id := @stat_id + 1, '2025-03-01', 195, 1.56, 378, 3, 14.31, 7526, 148.45, 1.25, 45, -40.00, NOW(), NOW()),
-- (@stat_id := @stat_id + 1, '2025-03-02', 196, 0.51, 305, -19, 16.27, 7576, 149.60, 0.78, 58, 28.89, NOW(), NOW()),
-- (@stat_id := @stat_id + 1, '2025-03-03', 200, 2.04, 376, 23, 7.96, 7800, 153.81, 2.81, 79, 36.21, NOW(), NOW()),
-- (@stat_id := @stat_id + 1, '2025-03-04', 203, 1.50, 313, -16, 13.44, 7855, 155.08, 0.83, 75, -5.06, NOW(), NOW()),
-- (@stat_id := @stat_id + 1, '2025-03-05', 205, 0.99, 368, 17, 16.56, 7915, 156.23, 0.74, 76, 1.33, NOW(), NOW()),
-- (@stat_id := @stat_id + 1, '2025-03-06', 207, 0.98, 394, 7, 14.72, 7979, 157.31, 0.69, 77, 1.32, NOW(), NOW()),
-- (@stat_id := @stat_id + 1, '2025-03-07', 209, 0.97, 366, -7, 15.57, 8069, 159.39, 1.32, 74, -3.90, NOW(), NOW()),
-- (@stat_id := @stat_id + 1, '2025-03-08', 213, 1.91, 412, 12, 8.79, 8229, 162.61, 2.02, 50, -32.43, NOW(), NOW()),
-- (@stat_id := @stat_id + 1, '2025-03-09', 217, 1.88, 397, -3, 16.67, 8362, 165.44, 1.74, 48, -4.00, NOW(), NOW()),
-- (@stat_id := @stat_id + 1, '2025-03-10', 219, 0.92, 377, -5, 18.33, 8438, 167.11, 1.01, 80, 66.67, NOW(), NOW()),
-- (@stat_id := @stat_id + 1, '2025-03-11', 220, 0.46, 340, -9, 18.57, 8488, 167.98, 0.52, 79, -1.25, NOW(), NOW()),
-- (@stat_id := @stat_id + 1, '2025-03-12', 224, 1.82, 406, 19, 17.08, 8648, 170.57, 1.54, 80, 1.27, NOW(), NOW()),
-- (@stat_id := @stat_id + 1, '2025-03-13', 227, 1.34, 408, 0, 5.43, 8773, 172.85, 1.34, 79, -1.25, NOW(), NOW()),
-- (@stat_id := @stat_id + 1, '2025-03-14', 228, 0.44, 408, 0, 8.77, 8823, 174.03, 0.68, 80, 1.27, NOW(), NOW()),
-- (@stat_id := @stat_id + 1, '2025-03-15', 231, 1.32, 475, 16, 6.86, 9033, 178.73, 2.70, 68, -15.00, NOW(), NOW()),
-- (@stat_id := @stat_id + 1, '2025-03-16', 236, 2.16, 465, -2, 7.54, 9423, 185.40, 3.73, 47, -30.88, NOW(), NOW()),
-- (@stat_id := @stat_id + 1, '2025-03-17', 240, 1.69, 545, 17, 4.02, 9648, 189.72, 2.33, 84, 78.72, NOW(), NOW()),
-- (@stat_id := @stat_id + 1, '2025-03-18', 243, 1.25, 532, -2, 9.90, 9788, 192.29, 1.36, 90, 7.14, NOW(), NOW()),
-- (@stat_id := @stat_id + 1, '2025-03-19', 247, 1.65, 524, -1, 5.41, 10085, 199.33, 3.66, 93, 3.33, NOW(), NOW()),
-- (@stat_id := @stat_id + 1, '2025-03-20', 252, 2.02, 470, -10, 2.91, 10364, 204.82, 2.75, 91, -2.15, NOW(), NOW()),
-- (@stat_id := @stat_id + 1, '2025-03-21', 256, 1.59, 537, 14, 8.91, 10688, 212.59, 3.80, 102, 12.09, NOW(), NOW()),
-- (@stat_id := @stat_id + 1, '2025-03-22', 261, 1.95, 580, 8, 2.27, 11073, 220.82, 3.87, 56, -45.10, NOW(), NOW()),
-- (@stat_id := @stat_id + 1, '2025-03-23', 266, 1.92, 596, 2, 5.77, 11293, 226.21, 2.44, 72, 28.57, NOW(), NOW()),
-- (@stat_id := @stat_id + 1, '2025-03-24', 268, 0.75, 594, 0, 7.88, 11403, 228.29, 0.92, 106, 47.22, NOW(), NOW()),
-- (@stat_id := @stat_id + 1, '2025-03-25', 271, 1.12, 622, 4, 8.11, 11571, 232.28, 1.75, 107, 0.94, NOW(), NOW()),
-- (@stat_id := @stat_id + 1, '2025-03-26', 274, 1.11, 525, -15, 8.58, 11775, 236.12, 1.65, 104, -2.80, NOW(), NOW()),
-- (@stat_id := @stat_id + 1, '2025-03-27', 278, 1.46, 587, 11, 6.62, 12000, 240.15, 1.71, 102, -1.92, NOW(), NOW()),
-- (@stat_id := @stat_id + 1, '2025-03-28', 283, 1.80, 636, 8, 2.02, 12374, 248.45, 3.45, 102, 0.00, NOW(), NOW()),
-- (@stat_id := @stat_id + 1, '2025-03-29', 285, 0.71, 615, -3, 4.10, 12494, 250.32, 0.75, 62, -39.22, NOW(), NOW()),
-- (@stat_id := @stat_id + 1, '2025-03-30', 287, 0.70, 620, 0, 8.39, 12630, 252.64, 0.93, 60, -3.23, NOW(), NOW()),
-- (@stat_id := @stat_id + 1, '2025-03-31', 290, 1.05, 558, -10, 3.54, 12852, 256.81, 1.65, 106, 76.67, NOW(), NOW()),
-- (@stat_id := @stat_id + 1, '2025-04-01', 295, 1.72, 540, -3, 3.64, 13232, 262.75, 2.31, 104, -1.89, NOW(), NOW()),
-- (@stat_id := @stat_id + 1, '2025-04-02', 298, 1.02, 609, 12, 7.85, 13448, 267.57, 1.84, 109, 4.81, NOW(), NOW()),
-- (@stat_id := @stat_id + 1, '2025-04-03', 300, 0.67, 566, -7, 9.34, 13540, 269.83, 0.84, 117, 7.34, NOW(), NOW()),
-- (@stat_id := @stat_id + 1, '2025-04-04', 305, 1.67, 639, 12, 6.12, 13947, 277.83, 2.96, 110, -5.98, NOW(), NOW()),
-- (@stat_id := @stat_id + 1, '2025-04-05', 308, 0.98, 701, 9, 7.01, 14220, 283.81, 2.15, 66, -40.00, NOW(), NOW()),
-- (@stat_id := @stat_id + 1, '2025-04-06', 310, 0.65, 594, -15, 8.11, 14352, 286.76, 1.04, 72, 9.09, NOW(), NOW()),
-- (@stat_id := @stat_id + 1, '2025-04-07', 313, 0.97, 655, 10, 3.60, 14526, 290.50, 1.30, 114, 58.33, NOW(), NOW()),
-- (@stat_id := @stat_id + 1, '2025-04-08', 316, 0.96, 589, -10, 3.69, 14676, 293.58, 1.06, 115, 0.88, NOW(), NOW()),
-- (@stat_id := @stat_id + 1, '2025-04-09', 321, 1.58, 594, 0, 4.58, 14856, 297.89, 1.47, 116, 0.87, NOW(), NOW()),
-- (@stat_id := @stat_id + 1, '2025-04-10', 323, 0.62, 616, 3, 9.16, 14968, 300.12, 0.75, 124, 6.90, NOW(), NOW()),
-- (@stat_id := @stat_id + 1, '2025-04-11', 325, 0.62, 659, 6, 5.32, 15080, 302.51, 0.80, 113, -8.87, NOW(), NOW()),
-- (@stat_id := @stat_id + 1, '2025-04-12', 327, 0.62, 591, -10, 7.29, 15194, 305.33, 0.93, 83, -26.55, NOW(), NOW()),
-- (@stat_id := @stat_id + 1, '2025-04-13', 332, 1.53, 723, 22, 3.90, 15524, 311.67, 2.08, 95, 14.46, NOW(), NOW()),
-- (@stat_id := @stat_id + 1, '2025-04-14', 336, 1.20, 650, -10, 7.69, 15836, 316.41, 1.52, 121, 27.37, NOW(), NOW()),
-- (@stat_id := @stat_id + 1, '2025-04-15', 338, 0.60, 668, 2, 8.49, 15988, 319.10, 0.85, 118, -2.48, NOW(), NOW()),
-- (@stat_id := @stat_id + 1, '2025-04-16', 341, 0.89, 736, 10, 7.60, 16177, 322.82, 1.16, 126, 6.78, NOW(), NOW()),
-- (@stat_id := @stat_id + 1, '2025-04-17', 346, 1.47, 729, 0, 2.61, 16437, 329.22, 1.98, 135, 7.14, NOW(), NOW()),
-- (@stat_id := @stat_id + 1, '2025-04-18', 349, 0.87, 674, -7, 8.54, 16671, 333.31, 1.24, 131, -2.96, NOW(), NOW()),
-- (@stat_id := @stat_id + 1, '2025-04-19', 354, 1.43, 688, 2, 2.03, 16921, 338.28, 1.49, 89, -32.06, NOW(), NOW()),
-- (@stat_id := @stat_id + 1, '2025-04-20', 356, 0.56, 705, 2, 4.30, 17005, 340.17, 0.56, 104, 16.85, NOW(), NOW()),
-- (@stat_id := @stat_id + 1, '2025-04-21', 359, 0.84, 670, -4, 7.53, 17209, 344.29, 1.21, 136, 30.77, NOW(), NOW()),
-- (@stat_id := @stat_id + 1, '2025-04-22', 361, 0.56, 732, 9, 3.47, 17317, 346.62, 0.68, 132, -2.94, NOW(), NOW()),
-- (@stat_id := @stat_id + 1, '2025-04-23', 366, 1.39, 767, 4, 9.37, 17567, 351.54, 1.42, 144, 9.09, NOW(), NOW()),
-- (@stat_id := @stat_id + 1, '2025-04-24', 368, 0.55, 710, -7, 8.39, 17715, 354.59, 0.87, 143, -0.69, NOW(), NOW()),
-- (@stat_id := @stat_id + 1, '2025-04-25', 371, 0.82, 743, 4, 3.18, 17883, 358.08, 0.98, 140, -2.10, NOW(), NOW()),
-- (@stat_id := @stat_id + 1, '2025-04-26', 373, 0.54, 747, 0, 7.61, 17971, 360.11, 0.57, 76, -45.71, NOW(), NOW()),
-- (@stat_id := @stat_id + 1, '2025-04-27', 375, 0.54, 819, 9, 5.97, 18146, 364.01, 1.08, 77, 1.32, NOW(), NOW()),
-- (@stat_id := @stat_id + 1, '2025-04-28', 379, 1.07, 709, -13, 9.76, 18300, 367.75, 1.03, 138, 79.22, NOW(), NOW()),
-- (@stat_id := @stat_id + 1, '2025-04-29', 384, 1.32, 757, 6, 4.01, 18660, 374.64, 1.87, 140, 1.45, NOW(), NOW()),
-- (@stat_id := @stat_id + 1, '2025-04-30', 389, 1.30, 735, -2, 9.56, 18984, 379.73, 1.36, 136, -2.86, NOW(), NOW()),
-- (@stat_id := @stat_id + 1, '2025-05-01', 394, 1.29, 877, 19, 4.31, 19215, 383.23, 0.92, 138, 1.47, NOW(), NOW()),
-- (@stat_id := @stat_id + 1, '2025-05-02', 399, 1.27, 915, 4, 9.10, 19633, 391.26, 2.09, 152, 10.14, NOW(), NOW()),
-- (@stat_id := @stat_id + 1, '2025-05-03', 403, 1.00, 893, -2, 3.01, 19885, 395.73, 1.14, 96, -36.84, NOW(), NOW()),
-- (@stat_id := @stat_id + 1, '2025-05-04', 405, 0.50, 803, -10, 4.01, 19977, 397.23, 0.38, 113, 17.71, NOW(), NOW()),
-- (@stat_id := @stat_id + 1, '2025-05-05', 410, 1.23, 745, -7, 7.71, 20202, 401.07, 0.97, 155, 37.17, NOW(), NOW()),
-- (@stat_id := @stat_id + 1, '2025-05-06', 415, 1.22, 826, 10, 2.90, 20582, 407.04, 1.49, 145, -6.45, NOW(), NOW()),
-- (@stat_id := @stat_id + 1, '2025-05-07', 417, 0.48, 931, 12, 7.71, 20782, 410.41, 0.83, 150, 3.45, NOW(), NOW()),
-- (@stat_id := @stat_id + 1, '2025-05-08', 422, 1.20, 811, -12, 4.73, 21172, 419.79, 2.28, 154, 2.67, NOW(), NOW()),
-- (@stat_id := @stat_id + 1, '2025-05-09', 425, 0.71, 972, 19, 4.59, 21403, 424.41, 1.10, 169, 9.74, NOW(), NOW()),
-- (@stat_id := @stat_id + 1, '2025-05-10', 427, 0.47, 856, -11, 7.58, 21535, 427.54, 0.74, 112, -33.73, NOW(), NOW()),
-- (@stat_id := @stat_id + 1, '2025-05-11', 432, 1.17, 911, 6, 6.96, 21795, 433.77, 1.46, 93, -16.96, NOW(), NOW()),
-- (@stat_id := @stat_id + 1, '2025-05-12', 434, 0.46, 988, 8, 6.69, 21905, 435.96, 0.50, 152, 63.44, NOW(), NOW()),
-- (@stat_id := @stat_id + 1, '2025-05-13', 438, 0.92, 987, 0, 4.47, 22130, 441.35, 1.24, 156, 2.63, NOW(), NOW()),
-- (@stat_id := @stat_id + 1, '2025-05-14', 441, 0.68, 797, -19, 9.53, 22235, 443.13, 0.40, 156, 0.00, NOW(), NOW()),
-- (@stat_id := @stat_id + 1, '2025-05-15', 446, 1.13, 863, 8, 8.96, 22559, 449.57, 1.45, 161, 3.21, NOW(), NOW()),
-- (@stat_id := @stat_id + 1, '2025-05-16', 448, 0.45, 908, 5, 2.06, 22707, 452.58, 0.67, 175, 8.70, NOW(), NOW()),
-- (@stat_id := @stat_id + 1, '2025-05-17', 450, 0.45, 973, 7, 8.09, 22787, 454.09, 0.33, 123, -29.71, NOW(), NOW()),
-- (@stat_id := @stat_id + 1, '2025-05-18', 454, 0.89, 850, -12, 9.47, 23046, 459.97, 1.29, 129, 4.88, NOW(), NOW()),
-- (@stat_id := @stat_id + 1, '2025-05-19', 458, 0.88, 980, 15, 7.42, 23358, 467.16, 1.56, 164, 27.13, NOW(), NOW()),
-- (@stat_id := @stat_id + 1, '2025-05-20', 461, 0.66, 1051, 7, 4.72, 23512, 469.85, 0.58, 163, -0.61, NOW(), NOW()),
-- (@stat_id := @stat_id + 1, '2025-05-21', 464, 0.65, 915, -12, 9.84, 23734, 474.68, 1.03, 177, 8.59, NOW(), NOW()),
-- (@stat_id := @stat_id + 1, '2025-05-22', 467, 0.65, 845, -7, 9.91, 23909, 477.38, 0.57, 167, -5.65, NOW(), NOW()),
-- (@stat_id := @stat_id + 1, '2025-05-23', 470, 0.64, 1011, 19, 5.65, 24119, 481.42, 0.85, 176, 5.39, NOW(), NOW()),
-- (@stat_id := @stat_id + 1, '2025-05-24', 472, 0.43, 867, -14, 7.25, 24233, 484.23, 0.58, 112, -36.36, NOW(), NOW()),
-- (@stat_id := @stat_id + 1, '2025-05-25', 475, 0.64, 879, 1, 8.93, 24425, 488.51, 0.88, 95, -15.18, NOW(), NOW()),
-- (@stat_id := @stat_id + 1, '2025-05-26', 479, 0.84, 945, 7, 2.82, 24593, 492.11, 0.74, 175, 84.21, NOW(), NOW()),
-- (@stat_id := @stat_id + 1, '2025-05-27', 483, 0.84, 917, -2, 7.34, 24825, 495.98, 0.79, 171, -2.29, NOW(), NOW()),
-- (@stat_id := @stat_id + 1, '2025-05-28', 487, 0.83, 993, 8, 3.50, 25137, 503.27, 1.47, 182, 6.43, NOW(), NOW()),
-- (@stat_id := @stat_id + 1, '2025-05-29', 492, 1.03, 902, -9, 5.13, 25398, 509.27, 1.19, 182, 0.00, NOW(), NOW()),
-- (@stat_id := @stat_id + 1, '2025-05-30', 495, 0.61, 1134, 25, 7.98, 25614, 513.13, 0.76, 191, 4.95, NOW(), NOW()),
-- (@stat_id := @stat_id + 1, '2025-05-31', 497, 0.40, 948, -16, 5.73, 25734, 515.43, 0.45, 130, -31.94, NOW(), NOW()),
-- (@stat_id := @stat_id + 1, '2025-06-01', 501, 0.80, 939, 0, 3.31, 25990, 519.77, 0.84, 122, -6.15, NOW(), NOW()),
-- (@stat_id := @stat_id + 1, '2025-06-02', 503, 0.40, 965, 2, 8.41, 26070, 521.34, 0.30, 181, 48.36, NOW(), NOW()),
-- (@stat_id := @stat_id + 1, '2025-06-03', 506, 0.60, 1051, 8, 4.88, 26220, 523.97, 0.51, 185, 2.21, NOW(), NOW()),
-- (@stat_id := @stat_id + 1, '2025-06-04', 508, 0.40, 1123, 6, 7.92, 26308, 525.73, 0.34, 183, -1.08, NOW(), NOW()),
-- (@stat_id := @stat_id + 1, '2025-06-05', 512, 0.79, 956, -14, 7.79, 26581, 530.62, 0.93, 187, 2.19, NOW(), NOW()),
-- (@stat_id := @stat_id + 1, '2025-06-06', 517, 0.98, 1055, 10, 4.08, 26901, 535.85, 0.99, 206, 10.16, NOW(), NOW()),
-- (@stat_id := @stat_id + 1, '2025-06-07', 522, 0.97, 1039, -1, 6.69, 27231, 541.68, 1.09, 106, -48.54, NOW(), NOW()),
-- (@stat_id := @stat_id + 1, '2025-06-08', 526, 0.77, 1068, 2, 7.65, 27423, 546.03, 0.80, 144, 35.85, NOW(), NOW()),
-- (@stat_id := @stat_id + 1, '2025-06-09', 530, 0.76, 1210, 13, 7.36, 27666, 551.30, 0.97, 186, 29.17, NOW(), NOW()),
-- (@stat_id := @stat_id + 1, '2025-06-10', 535, 0.94, 1123, -7, 8.53, 28066, 558.53, 1.31, 202, 8.60, NOW(), NOW()),
-- (@stat_id := @stat_id + 1, '2025-06-11', 539, 0.75, 1224, 8, 5.53, 28399, 566.48, 1.42, 191, -5.45, NOW(), NOW()),
-- (@stat_id := @stat_id + 1, '2025-06-12', 543, 0.74, 1176, -3, 4.30, 28597, 571.21, 0.84, 192, 0.52, NOW(), NOW()),
-- (@stat_id := @stat_id + 1, '2025-06-13', 546, 0.55, 1201, 2, 4.83, 28814, 574.69, 0.61, 200, 4.17, NOW(), NOW()),
-- (@stat_id := @stat_id + 1, '2025-06-14', 549, 0.55, 1175, -2, 6.25, 29018, 579.58, 0.85, 158, -21.00, NOW(), NOW()),
-- (@stat_id := @stat_id + 1, '2025-06-15', 554, 0.91, 1257, 6, 4.38, 29370, 587.45, 1.36, 153, -3.16, NOW(), NOW()),
-- (@stat_id := @stat_id + 1, '2025-06-16', 557, 0.54, 1212, -3, 8.67, 29562, 591.65, 0.72, 211, 37.91, NOW(), NOW()),
-- (@stat_id := @stat_id + 1, '2025-06-17', 561, 0.72, 1211, 0, 9.48, 29886, 597.80, 1.04, 221, 4.74, NOW(), NOW()),
-- (@stat_id := @stat_id + 1, '2025-06-18', 563, 0.36, 1267, 4, 7.84, 29974, 599.26, 0.24, 206, -6.79, NOW(), NOW()),
-- (@stat_id := @stat_id + 1, '2025-06-19', 566, 0.53, 1145, -9, 8.74, 30124, 602.35, 0.52, 216, 4.85, NOW(), NOW()),
-- (@stat_id := @stat_id + 1, '2025-06-20', 571, 0.88, 1181, 3, 7.28, 30454, 609.84, 1.24, 203, -6.02, NOW(), NOW()),
-- (@stat_id := @stat_id + 1, '2025-06-21', 575, 0.70, 1258, 6, 8.91, 30787, 615.08, 0.86, 135, -33.50, NOW(), NOW()),
-- (@stat_id := @stat_id + 1, '2025-06-22', 578, 0.52, 1232, -2, 4.14, 30961, 618.62, 0.57, 123, -8.89, NOW(), NOW()),
-- (@stat_id := @stat_id + 1, '2025-06-23', 581, 0.52, 1134, -7, 3.65, 31105, 621.65, 0.49, 224, 82.11, NOW(), NOW()),
-- (@stat_id := @stat_id + 1, '2025-06-24', 585, 0.69, 1175, 3, 7.04, 31281, 625.91, 0.69, 222, -0.89, NOW(), NOW()),
-- (@stat_id := @stat_id + 1, '2025-06-25', 590, 0.85, 1256, 6, 2.30, 31481, 629.70, 0.61, 225, 1.35, NOW(), NOW()),
-- (@stat_id := @stat_id + 1, '2025-06-26', 593, 0.51, 1109, -11, 8.06, 31709, 635.37, 0.90, 218, -3.11, NOW(), NOW()),
-- (@stat_id := @stat_id + 1, '2025-06-27', 598, 0.84, 1172, 5, 7.35, 32049, 642.15, 1.07, 212, -2.75, NOW(), NOW()),
-- (@stat_id := @stat_id + 1, '2025-06-28', 601, 0.50, 1314, 12, 5.03, 32189, 645.22, 0.48, 157, -25.94, NOW(), NOW()),
-- (@stat_id := @stat_id + 1, '2025-06-29', 606, 0.83, 1119, -14, 6.07, 32441, 649.15, 0.61, 132, -15.92, NOW(), NOW()),
-- (@stat_id := @stat_id + 1, '2025-06-30', 609, 0.50, 1238, 10, 3.12, 32581, 651.88, 0.42, 234, 77.27, NOW(), NOW()),
-- (@stat_id := @stat_id + 1, '2025-07-01', 612, 0.49, 1143, -7, 5.74, 32725, 655.11, 0.50, 220, -5.98, NOW(), NOW()),
-- (@stat_id := @stat_id + 1, '2025-07-02', 617, 0.82, 1415, 23, 4.31, 32989, 661.43, 0.96, 236, 7.27, NOW(), NOW()),
-- (@stat_id := @stat_id + 1, '2025-07-03', 620, 0.49, 1331, -5, 7.86, 33133, 664.96, 0.53, 243, 2.97, NOW(), NOW()),
-- (@stat_id := @stat_id + 1, '2025-07-04', 624, 0.65, 1271, -4, 6.85, 33413, 671.22, 0.94, 246, 1.23, NOW(), NOW()),
-- (@stat_id := @stat_id + 1, '2025-07-05', 626, 0.32, 1221, -3, 5.98, 33561, 673.81, 0.39, 133, -45.93, NOW(), NOW()),
-- (@stat_id := @stat_id + 1, '2025-07-06', 628, 0.32, 1307, 7, 8.41, 33649, 675.77, 0.29, 159, 19.55, NOW(), NOW()),
-- (@stat_id := @stat_id + 1, '2025-07-07', 632, 0.64, 1372, 4, 2.56, 33946, 682.19, 0.95, 251, 57.86, NOW(), NOW()),
-- (@stat_id := @stat_id + 1, '2025-07-08', 634, 0.32, 1368, 0, 2.64, 34081, 685.20, 0.44, 240, -4.38, NOW(), NOW()),
-- (@stat_id := @stat_id + 1, '2025-07-09', 636, 0.32, 1408, 2, 4.95, 34165, 686.73, 0.22, 231, -3.75, NOW(), NOW()),
-- (@stat_id := @stat_id + 1, '2025-07-10', 641, 0.79, 1317, -6, 8.68, 34495, 694.01, 1.06, 242, 4.76, NOW(), NOW()),
-- (@stat_id := @stat_id + 1, '2025-07-11', 643, 0.31, 1304, 0, 6.87, 34639, 697.11, 0.45, 256, 5.79, NOW(), NOW()),
-- (@stat_id := @stat_id + 1, '2025-07-12', 646, 0.47, 1248, -4, 4.86, 34825, 700.90, 0.54, 173, -32.42, NOW(), NOW()),
-- (@stat_id := @stat_id + 1, '2025-07-13', 649, 0.46, 1349, 8, 4.19, 35071, 705.77, 0.70, 147, -15.03, NOW(), NOW()),
-- (@stat_id := @stat_id + 1, '2025-07-14', 652, 0.46, 1535, 13, 5.00, 35399, 712.18, 0.91, 260, 76.87, NOW(), NOW()),
-- (@stat_id := @stat_id + 1, '2025-07-15', 655, 0.46, 1423, -7, 2.20, 35597, 715.82, 0.51, 246, -5.38, NOW(), NOW()),
-- (@stat_id := @stat_id + 1, '2025-07-16', 658, 0.46, 1407, -1, 4.06, 35891, 722.86, 0.98, 235, -4.47, NOW(), NOW()),
-- (@stat_id := @stat_id + 1, '2025-07-17', 661, 0.46, 1571, 11, 3.86, 36107, 728.05, 0.72, 251, 6.81, NOW(), NOW()),
-- (@stat_id := @stat_id + 1, '2025-07-18', 664, 0.45, 1478, -5, 4.45, 36401, 733.05, 0.69, 237, -5.58, NOW(), NOW()),
-- (@stat_id := @stat_id + 1, '2025-07-19', 666, 0.30, 1580, 6, 3.25, 36566, 735.88, 0.39, 147, -37.97, NOW(), NOW()),
-- (@stat_id := @stat_id + 1, '2025-07-20', 669, 0.45, 1360, -13, 3.06, 36916, 741.24, 0.73, 153, 4.08, NOW(), NOW()),
-- (@stat_id := @stat_id + 1, '2025-07-21', 671, 0.30, 1634, 20, 4.61, 37071, 744.70, 0.47, 264, 72.55, NOW(), NOW()),
-- (@stat_id := @stat_id + 1, '2025-07-22', 674, 0.45, 1532, -6, 2.01, 37365, 749.33, 0.62, 263, -0.38, NOW(), NOW()),
-- (@stat_id := @stat_id + 1, '2025-07-23', 677, 0.45, 1486, -3, 2.07, 37527, 753.24, 0.52, 249, -5.32, NOW(), NOW()),
-- (@stat_id := @stat_id + 1, '2025-07-24', 679, 0.30, 1524, 2, 4.94, 37715, 757.74, 0.60, 261, 4.82, NOW(), NOW()),
-- (@stat_id := @stat_id + 1, '2025-07-25', 680, 0.15, 1589, 4, 3.23, 37781, 758.76, 0.13, 266, 1.92, NOW(), NOW()),
-- (@stat_id := @stat_id + 1, '2025-07-26', 682, 0.29, 1539, -3, 4.26, 37961, 762.38, 0.48, 165, -37.97, NOW(), NOW()),
-- (@stat_id := @stat_id + 1, '2025-07-27', 683, 0.15, 1417, -7, 1.27, 38043, 763.78, 0.18, 164, -0.61, NOW(), NOW()),
-- (@stat_id := @stat_id + 1, '2025-07-28', 685, 0.29, 1441, 1, 3.26, 38193, 767.52, 0.49, 262, 59.76, NOW(), NOW()),
-- (@stat_id := @stat_id + 1, '2025-07-29', 687, 0.29, 1585, 9, 2.58, 38373, 771.86, 0.56, 271, 3.44, NOW(), NOW()),
-- (@stat_id := @stat_id + 1, '2025-07-30', 688, 0.15, 1588, 0, 2.92, 38454, 773.15, 0.17, 268, -1.11, NOW(), NOW()),
-- (@stat_id := @stat_id + 1, '2025-07-31', 689, 0.15, 1644, 3, 4.67, 38571, 776.00, 0.37, 274, 2.24, NOW(), NOW()),
-- (@stat_id := @stat_id + 1, '2025-08-01', 691, 0.29, 1478, -10, 1.89, 38711, 778.23, 0.29, 268, -2.19, NOW(), NOW()),
-- (@stat_id := @stat_id + 1, '2025-08-02', 694, 0.43, 1557, 5, 4.98, 38867, 781.18, 0.38, 144, -46.27, NOW(), NOW()),
-- (@stat_id := @stat_id + 1, '2025-08-03', 696, 0.29, 1612, 3, 2.27, 39032, 785.12, 0.50, 201, 39.58, NOW(), NOW()),
-- (@stat_id := @stat_id + 1, '2025-08-04', 698, 0.29, 1642, 1, 3.25, 39277, 789.21, 0.52, 277, 37.81, NOW(), NOW()),
-- (@stat_id := @stat_id + 1, '2025-08-05', 701, 0.43, 1547, -5, 1.05, 39627, 795.41, 0.79, 247, -10.83, NOW(), NOW()),
-- (@stat_id := @stat_id + 1, '2025-08-06', 703, 0.29, 1631, 5, 3.15, 39767, 798.18, 0.35, 265, 7.29, NOW(), NOW()),
-- (@stat_id := @stat_id + 1, '2025-08-07', 706, 0.43, 1486, -8, 1.30, 39989, 803.55, 0.67, 281, 6.04, NOW(), NOW()),
-- (@stat_id := @stat_id + 1, '2025-08-08', 707, 0.14, 1665, 12, 4.98, 40067, 805.48, 0.24, 249, -11.39, NOW(), NOW()),
-- (@stat_id := @stat_id + 1, '2025-08-09', 710, 0.42, 1621, -2, 3.06, 40263, 810.07, 0.57, 205, -17.67, NOW(), NOW()),
-- (@stat_id := @stat_id + 1, '2025-08-10', 712, 0.28, 1578, -2, 2.26, 40463, 813.77, 0.46, 166, -19.02, NOW(), NOW()),
-- (@stat_id := @stat_id + 1, '2025-08-11', 713, 0.14, 1585, 0, 2.59, 40523, 815.26, 0.18, 275, 65.66, NOW(), NOW()),
-- (@stat_id := @stat_id + 1, '2025-08-12', 714, 0.14, 1516, -4, 1.95, 40628, 816.95, 0.21, 262, -4.73, NOW(), NOW()),
-- (@stat_id := @stat_id + 1, '2025-08-13', 717, 0.42, 1489, -1, 2.95, 40796, 819.91, 0.36, 282, 7.63, NOW(), NOW()),
-- (@stat_id := @stat_id + 1, '2025-08-14', 718, 0.14, 1605, 7, 2.39, 40876, 821.71, 0.22, 257, -8.87, NOW(), NOW()),
-- (@stat_id := @stat_id + 1, '2025-08-15', 719, 0.14, 1524, -5, 3.36, 40975, 823.51, 0.22, 271, 5.45, NOW(), NOW()),
-- (@stat_id := @stat_id + 1, '2025-08-16', 722, 0.42, 1503, -1, 2.23, 41155, 827.11, 0.44, 169, -37.64, NOW(), NOW()),
-- (@stat_id := @stat_id + 1, '2025-08-17', 723, 0.14, 1625, 8, 3.78, 41241, 829.01, 0.23, 175, 3.55, NOW(), NOW()),
-- (@stat_id := @stat_id + 1, '2025-08-18', 724, 0.14, 1594, -1, 2.31, 41311, 830.35, 0.16, 287, 64.00, NOW(), NOW()),
-- (@stat_id := @stat_id + 1, '2025-08-19', 726, 0.28, 1470, -7, 3.41, 41467, 833.63, 0.40, 268, -6.62, NOW(), NOW()),
-- (@stat_id := @stat_id + 1, '2025-08-20', 729, 0.41, 1666, 13, 4.81, 41649, 837.82, 0.50, 258, -3.73, NOW(), NOW()),
-- (@stat_id := @stat_id + 1, '2025-08-21', 732, 0.41, 1598, -4, 1.95, 41873, 843.23, 0.65, 282, 9.30, NOW(), NOW()),
-- (@stat_id := @stat_id + 1, '2025-08-22', 734, 0.27, 1721, 7, 3.91, 42008, 845.89, 0.32, 264, -6.38, NOW(), NOW()),
-- (@stat_id := @stat_id + 1, '2025-08-23', 737, 0.41, 1687, -1, 4.85, 42266, 852.23, 0.75, 155, -41.29, NOW(), NOW()),
-- (@stat_id := @stat_id + 1, '2025-08-24', 740, 0.41, 1590, -5, 4.27, 42416, 855.54, 0.39, 210, 35.48, NOW(), NOW()),
-- (@stat_id := @stat_id + 1, '2025-08-25', 742, 0.27, 1542, -3, 1.17, 42600, 859.14, 0.42, 280, 33.33, NOW(), NOW()),
-- (@stat_id := @stat_id + 1, '2025-08-26', 744, 0.27, 1513, -1, 1.22, 42792, 862.29, 0.37, 264, -5.71, NOW(), NOW()),
-- (@stat_id := @stat_id + 1, '2025-08-27', 746, 0.27, 1814, 19, 2.63, 42922, 864.60, 0.27, 265, 0.38, NOW(), NOW()),
-- (@stat_id := @stat_id + 1, '2025-08-28', 749, 0.40, 1749, -3, 4.16, 43272, 871.33, 0.78, 272, 2.64, NOW(), NOW()),
-- (@stat_id := @stat_id + 1, '2025-08-29', 751, 0.27, 1694, -3, 1.05, 43402, 873.36, 0.23, 264, -2.94, NOW(), NOW()),
-- (@stat_id := @stat_id + 1, '2025-08-30', 752, 0.13, 1839, 8, 2.90, 43552, 875.98, 0.30, 204, -22.73, NOW(), NOW()),
-- (@stat_id := @stat_id + 1, '2025-08-31', 755, 0.40, 1601, -12, 1.69, 43786, 879.59, 0.41, 212, 3.92, NOW(), NOW()),
-- (@stat_id := @stat_id + 1, '2025-09-01', 757, 0.26, 1866, 16, 4.27, 43916, 882.41, 0.32, 299, 41.04, NOW(), NOW()),
-- (@stat_id := @stat_id + 1, '2025-09-02', 760, 0.40, 1884, 0, 4.68, 44244, 887.54, 0.58, 288, -3.68, NOW(), NOW()),
-- (@stat_id := @stat_id + 1, '2025-09-03', 761, 0.13, 1799, -4, 4.08, 44334, 889.13, 0.18, 267, -7.29, NOW(), NOW()),
-- (@stat_id := @stat_id + 1, '2025-09-04', 764, 0.39, 1645, -8, 4.62, 44516, 892.74, 0.41, 302, 13.11, NOW(), NOW()),
-- (@stat_id := @stat_id + 1, '2025-09-05', 766, 0.26, 1671, 1, 1.21, 44676, 895.40, 0.30, 297, -1.66, NOW(), NOW()),
-- (@stat_id := @stat_id + 1, '2025-09-06', 769, 0.39, 1561, -6, 4.23, 44880, 899.43, 0.45, 215, -27.61, NOW(), NOW()),
-- (@stat_id := @stat_id + 1, '2025-09-07', 772, 0.39, 1660, 6, 4.61, 45126, 904.72, 0.59, 182, -15.35, NOW(), NOW()),
-- (@stat_id := @stat_id + 1, '2025-09-08', 774, 0.26, 1912, 15, 4.83, 45366, 908.60, 0.43, 303, 66.48, NOW(), NOW()),
-- (@stat_id := @stat_id + 1, '2025-09-09', 776, 0.26, 1926, 0, 1.06, 45576, 912.81, 0.46, 309, 1.98, NOW(), NOW()),
-- (@stat_id := @stat_id + 1, '2025-09-10', 779, 0.39, 1913, 0, 3.44, 45772, 915.75, 0.32, 290, -6.15, NOW(), NOW()),
-- (@stat_id := @stat_id + 1, '2025-09-11', 780, 0.13, 1727, -9, 2.32, 45830, 917.13, 0.15, 283, -2.41, NOW(), NOW()),
-- (@stat_id := @stat_id + 1, '2025-09-12', 782, 0.26, 1691, -2, 4.31, 46010, 920.62, 0.38, 276, -2.47, NOW(), NOW()),
-- (@stat_id := @stat_id + 1, '2025-09-13', 784, 0.26, 1931, 14, 1.97, 46160, 923.76, 0.34, 162, -41.30, NOW(), NOW()),
-- (@stat_id := @stat_id + 1, '2025-09-14', 787, 0.38, 1795, -7, 3.50, 46475, 929.27, 0.60, 197, 21.60, NOW(), NOW()),
-- (@stat_id := @stat_id + 1, '2025-09-15', 788, 0.13, 1684, -6, 2.28, 46531, 930.42, 0.12, 306, 55.33, NOW(), NOW()),
-- (@stat_id := @stat_id + 1, '2025-09-16', 791, 0.38, 1748, 3, 3.09, 46783, 936.37, 0.64, 286, -6.54, NOW(), NOW()),
-- (@stat_id := @stat_id + 1, '2025-09-17', 794, 0.38, 1795, 2, 2.53, 47028, 941.20, 0.52, 311, 8.74, NOW(), NOW()),
-- (@stat_id := @stat_id + 1, '2025-09-18', 796, 0.25, 1706, -4, 4.76, 47220, 945.01, 0.40, 309, -0.64, NOW(), NOW()),
-- (@stat_id := @stat_id + 1, '2025-09-19', 797, 0.13, 1919, 12, 2.06, 47310, 946.67, 0.18, 297, -3.88, NOW(), NOW()),
-- (@stat_id := @stat_id + 1, '2025-09-20', 800, 0.38, 1742, -9, 2.39, 47590, 952.63, 0.63, 174, -41.41, NOW(), NOW()),
-- (@stat_id := @stat_id + 1, '2025-09-21', 802, 0.25, 1876, 7, 2.81, 47702, 954.77, 0.22, 185, 6.32, NOW(), NOW()),
-- (@stat_id := @stat_id + 1, '2025-09-22', 805, 0.37, 1902, 1, 2.78, 48031, 960.66, 0.62, 287, 55.14, NOW(), NOW()),
-- (@stat_id := @stat_id + 1, '2025-09-23', 808, 0.37, 1866, -1, 1.03, 48283, 966.29, 0.59, 304, 5.92, NOW(), NOW()),
-- (@stat_id := @stat_id + 1, '2025-09-24', 811, 0.37, 1921, 2, 4.61, 48549, 972.29, 0.62, 297, -2.30, NOW(), NOW()),
-- (@stat_id := @stat_id + 1, '2025-09-25', 813, 0.25, 1758, -8, 2.52, 48699, 975.39, 0.32, 318, 7.07, NOW(), NOW()),
-- (@stat_id := @stat_id + 1, '2025-09-26', 814, 0.12, 1955, 11, 3.38, 48787, 977.45, 0.21, 295, -7.23, NOW(), NOW()),
-- (@stat_id := @stat_id + 1, '2025-09-27', 816, 0.25, 2000, 2, 4.98, 48932, 980.92, 0.36, 212, -28.14, NOW(), NOW()),
-- (@stat_id := @stat_id + 1, '2025-09-28', 817, 0.12, 2030, 1, 2.15, 49058, 983.88, 0.30, 198, -6.60, NOW(), NOW()),
-- (@stat_id := @stat_id + 1, '2025-09-29', 818, 0.12, 1843, -9, 4.92, 49158, 985.88, 0.20, 326, 64.65, NOW(), NOW()),
-- (@stat_id := @stat_id + 1, '2025-09-30', 821, 0.37, 1791, -2, 4.54, 49356, 989.19, 0.34, 307, -5.83, NOW(), NOW()),
-- (@stat_id := @stat_id + 1, '2025-10-01', 823, 0.24, 1931, 7, 4.22, 49496, 991.92, 0.28, 323, 5.21, NOW(), NOW()),
-- (@stat_id := @stat_id + 1, '2025-10-02', 824, 0.12, 1660, -14, 3.22, 49556, 992.83, 0.09, 298, -7.74, NOW(), NOW()),
-- (@stat_id := @stat_id + 1, '2025-10-03', 826, 0.24, 1815, 9, 4.91, 49664, 995.34, 0.25, 325, 9.06, NOW(), NOW()),
-- (@stat_id := @stat_id + 1, '2025-10-04', 828, 0.24, 1924, 6, 3.47, 49856, 999.15, 0.38, 180, -44.62, NOW(), NOW()),
-- (@stat_id := @stat_id + 1, '2025-10-05', 831, 0.36, 1879, -2, 2.10, 50136, 1005.47, 0.63, 247, 37.22, NOW(), NOW()),
-- (@stat_id := @stat_id + 1, '2025-10-06', 833, 0.24, 1858, -1, 3.38, 50260, 1008.24, 0.28, 297, 20.24, NOW(), NOW()),
-- (@stat_id := @stat_id + 1, '2025-10-07', 835, 0.24, 1878, 1, 4.00, 50452, 1012.67, 0.44, 318, 7.07, NOW(), NOW()),
-- (@stat_id := @stat_id + 1, '2025-10-08', 837, 0.24, 1866, 0, 3.29, 50556, 1014.87, 0.22, 313, -1.57, NOW(), NOW()),
-- (@stat_id := @stat_id + 1, '2025-10-09', 838, 0.12, 1950, 4, 3.59, 50642, 1016.36, 0.15, 330, 5.43, NOW(), NOW()),
-- (@stat_id := @stat_id + 1, '2025-10-10', 841, 0.36, 1963, 0, 2.73, 50845, 1021.28, 0.48, 334, 1.21, NOW(), NOW()),
-- (@stat_id := @stat_id + 1, '2025-10-11', 842, 0.12, 1693, -13, 2.26, 50927, 1022.89, 0.16, 170, -49.10, NOW(), NOW()),
-- (@stat_id := @stat_id + 1, '2025-10-12', 845, 0.36, 1987, 17, 4.69, 51207, 1029.58, 0.65, 190, 11.76, NOW(), NOW()),
-- (@stat_id := @stat_id + 1, '2025-10-13', 847, 0.24, 2073, 4, 2.95, 51417, 1033.83, 0.41, 330, 73.68, NOW(), NOW()),
-- (@stat_id := @stat_id + 1, '2025-10-14', 850, 0.35, 1931, -6, 3.06, 51648, 1038.13, 0.42, 325, -1.52, NOW(), NOW()),
-- (@stat_id := @stat_id + 1, '2025-10-15', 853, 0.35, 1903, -1, 1.82, 51948, 1042.98, 0.47, 299, -8.00, NOW(), NOW()),
-- (@stat_id := @stat_id + 1, '2025-10-16', 855, 0.23, 2004, 5, 2.53, 52116, 1045.56, 0.25, 328, 9.70, NOW(), NOW()),
-- (@stat_id := @stat_id + 1, '2025-10-17', 857, 0.23, 1943, -3, 2.33, 52361, 1049.53, 0.38, 305, -7.01, NOW(), NOW()),
-- (@stat_id := @stat_id + 1, '2025-10-18', 860, 0.35, 1985, 2, 1.92, 52535, 1053.81, 0.41, 257, -15.74, NOW(), NOW()),
-- (@stat_id := @stat_id + 1, '2025-10-19', 863, 0.35, 1988, 0, 4.38, 52850, 1059.33, 0.52, 224, -12.84, NOW(), NOW()),
-- (@stat_id := @stat_id + 1, '2025-10-20', 865, 0.23, 1978, 0, 3.29, 53015, 1062.18, 0.27, 342, 52.68, NOW(), NOW()),
-- (@stat_id := @stat_id + 1, '2025-10-21', 868, 0.35, 1846, -6, 2.70, 53273, 1067.13, 0.47, 329, -3.80, NOW(), NOW()),
-- (@stat_id := @stat_id + 1, '2025-10-22', 869, 0.12, 1911, 3, 2.51, 53323, 1068.22, 0.10, 323, -1.82, NOW(), NOW()),
-- (@stat_id := @stat_id + 1, '2025-10-23', 871, 0.23, 2057, 7, 4.42, 53443, 1071.19, 0.28, 315, -2.48, NOW(), NOW()),
-- (@stat_id := @stat_id + 1, '2025-10-24', 873, 0.23, 1996, -2, 3.13, 53608, 1074.41, 0.30, 337, 6.98, NOW(), NOW()),
-- (@stat_id := @stat_id + 1, '2025-10-25', 876, 0.34, 2063, 3, 3.68, 53825, 1077.75, 0.31, 222, -34.12, NOW(), NOW()),
-- (@stat_id := @stat_id + 1, '2025-10-26', 877, 0.11, 1922, -6, 2.09, 53915, 1079.30, 0.14, 253, 13.96, NOW(), NOW()),
-- (@stat_id := @stat_id + 1, '2025-10-27', 880, 0.34, 2069, 7, 3.25, 54237, 1085.39, 0.56, 325, 28.46, NOW(), NOW()),
-- (@stat_id := @stat_id + 1, '2025-10-28', 883, 0.34, 1813, -12, 3.42, 54393, 1088.00, 0.24, 349, 7.38, NOW(), NOW()),
-- (@stat_id := @stat_id + 1, '2025-10-29', 886, 0.34, 1881, 3, 3.30, 54687, 1094.74, 0.62, 353, 1.15, NOW(), NOW()),
-- (@stat_id := @stat_id + 1, '2025-10-30', 889, 0.34, 2091, 11, 1.36, 54869, 1098.80, 0.37, 352, -0.28, NOW(), NOW()),
-- (@stat_id := @stat_id + 1, '2025-10-31', 892, 0.34, 1972, -5, 3.15, 55170, 1105.07, 0.57, 316, -10.23, NOW(), NOW()),
-- (@stat_id := @stat_id + 1, '2025-11-01', 893, 0.11, 1891, -4, 2.62, 55220, 1106.26, 0.11, 233, -26.27, NOW(), NOW()),
-- (@stat_id := @stat_id + 1, '2025-11-02', 896, 0.34, 2077, 9, 3.67, 55430, 1110.79, 0.41, 180, -22.75, NOW(), NOW()),
-- (@stat_id := @stat_id + 1, '2025-11-03', 899, 0.33, 1950, -6, 1.74, 55703, 1116.07, 0.48, 331, 83.89, NOW(), NOW()),
-- (@stat_id := @stat_id + 1, '2025-11-04', 900, 0.11, 2133, 9, 2.79, 55781, 1117.74, 0.15, 341, 3.02, NOW(), NOW()),
-- (@stat_id := @stat_id + 1, '2025-11-05', 903, 0.33, 2088, -2, 4.66, 55956, 1121.92, 0.37, 320, -6.16, NOW(), NOW()),
-- (@stat_id := @stat_id + 1, '2025-11-06', 904, 0.11, 1886, -9, 4.37, 56026, 1123.17, 0.11, 330, 3.13, NOW(), NOW()),
-- (@stat_id := @stat_id + 1, '2025-11-07', 906, 0.22, 1824, -3, 1.50, 56190, 1126.13, 0.26, 355, 7.58, NOW(), NOW()),
-- (@stat_id := @stat_id + 1, '2025-11-08', 907, 0.11, 1886, 3, 2.97, 56244, 1127.28, 0.10, 229, -35.49, NOW(), NOW()),
-- (@stat_id := @stat_id + 1, '2025-11-09', 910, 0.33, 2227, 18, 4.28, 56564, 1133.97, 0.59, 214, -6.55, NOW(), NOW()),
-- (@stat_id := @stat_id + 1, '2025-11-10', 911, 0.11, 1948, -12, 3.90, 56662, 1135.53, 0.14, 361, 68.69, NOW(), NOW()),
-- (@stat_id := @stat_id + 1, '2025-11-11', 914, 0.33, 2156, 10, 1.05, 56963, 1142.19, 0.59, 326, -9.70, NOW(), NOW()),
-- (@stat_id := @stat_id + 1, '2025-11-12', 916, 0.22, 1915, -11, 2.83, 57193, 1146.69, 0.39, 336, 3.07, NOW(), NOW()),
-- (@stat_id := @stat_id + 1, '2025-11-13', 917, 0.11, 1854, -3, 2.41, 57269, 1148.15, 0.13, 356, 5.95, NOW(), NOW()),
-- (@stat_id := @stat_id + 1, '2025-11-14', 920, 0.33, 1879, 1, 4.21, 57449, 1151.49, 0.29, 339, -4.78, NOW(), NOW()),
-- (@stat_id := @stat_id + 1, '2025-11-15', 923, 0.33, 2177, 15, 1.13, 57792, 1157.16, 0.49, 231, -31.86, NOW(), NOW()),
-- (@stat_id := @stat_id + 1, '2025-11-16', 924, 0.11, 1882, -13, 2.07, 57844, 1157.96, 0.07, 233, 0.87, NOW(), NOW()),
-- (@stat_id := @stat_id + 1, '2025-11-17', 925, 0.11, 2141, 13, 3.53, 57916, 1159.45, 0.13, 335, 43.78, NOW(), NOW()),
-- (@stat_id := @stat_id + 1, '2025-11-18', 928, 0.32, 2261, 5, 1.41, 58164, 1164.14, 0.40, 344, 2.69, NOW(), NOW()),
-- (@stat_id := @stat_id + 1, '2025-11-19', 931, 0.32, 1876, -17, 2.83, 58428, 1168.16, 0.34, 338, -1.74, NOW(), NOW()),
-- (@stat_id := @stat_id + 1, '2025-11-20', 934, 0.32, 2002, 6, 2.20, 58645, 1171.81, 0.31, 359, 6.21, NOW(), NOW()),
-- (@stat_id := @stat_id + 1, '2025-11-21', 937, 0.32, 2036, 1, 4.16, 58873, 1177.41, 0.48, 344, -4.18, NOW(), NOW()),
-- (@stat_id := @stat_id + 1, '2025-11-22', 939, 0.21, 1934, -5, 2.29, 59045, 1180.32, 0.25, 258, -25.00, NOW(), NOW()),
-- (@stat_id := @stat_id + 1, '2025-11-23', 940, 0.11, 1915, 0, 2.28, 59119, 1181.93, 0.14, 240, -6.98, NOW(), NOW()),
-- (@stat_id := @stat_id + 1, '2025-11-24', 943, 0.32, 2313, 20, 3.12, 59375, 1186.43, 0.38, 372, 55.00, NOW(), NOW()),
-- (@stat_id := @stat_id + 1, '2025-11-25', 945, 0.21, 2239, -3, 3.03, 59563, 1190.09, 0.31, 332, -10.75, NOW(), NOW()),
-- (@stat_id := @stat_id + 1, '2025-11-26', 946, 0.11, 2268, 1, 1.02, 59645, 1191.42, 0.11, 343, 3.31, NOW(), NOW()),
-- (@stat_id := @stat_id + 1, '2025-11-27', 948, 0.21, 2077, -8, 1.64, 59785, 1193.85, 0.20, 375, 9.33, NOW(), NOW()),
-- (@stat_id := @stat_id + 1, '2025-11-28', 949, 0.11, 2078, 0, 4.59, 59869, 1195.46, 0.14, 350, -6.67, NOW(), NOW()),
-- (@stat_id := @stat_id + 1, '2025-11-29', 952, 0.32, 1990, -4, 4.81, 60114, 1199.27, 0.32, 220, -37.14, NOW(), NOW()),
-- (@stat_id := @stat_id + 1, '2025-11-30', 953, 0.11, 1960, -1, 3.79, 60186, 1200.46, 0.10, 232, 5.45, NOW(), NOW()),
-- (@stat_id := @stat_id + 1, '2025-12-01', 955, 0.21, 2281, 16, 2.08, 60326, 1203.10, 0.22, 368, 58.62, NOW(), NOW()),
-- (@stat_id := @stat_id + 1, '2025-12-02', 957, 0.21, 1991, -12, 1.47, 60438, 1204.93, 0.15, 379, 2.99, NOW(), NOW()),
-- (@stat_id := @stat_id + 1, '2025-12-03', 960, 0.31, 2165, 8, 2.31, 60739, 1211.38, 0.54, 352, -7.12, NOW(), NOW()),
-- (@stat_id := @stat_id + 1, '2025-12-04', 961, 0.10, 2062, -4, 2.19, 60835, 1213.61, 0.18, 336, -4.55, NOW(), NOW()),
-- (@stat_id := @stat_id + 1, '2025-12-05', 962, 0.10, 2283, 10, 4.83, 60895, 1214.80, 0.10, 360, 7.14, NOW(), NOW()),
-- (@stat_id := @stat_id + 1, '2025-12-06', 964, 0.21, 2112, -7, 3.34, 61020, 1217.06, 0.19, 202, -43.89, NOW(), NOW()),
-- (@stat_id := @stat_id + 1, '2025-12-07', 965, 0.10, 2079, -1, 4.86, 61076, 1218.32, 0.10, 225, 11.39, NOW(), NOW()),
-- (@stat_id := @stat_id + 1, '2025-12-08', 967, 0.21, 2127, 2, 3.83, 61281, 1221.69, 0.28, 363, 61.33, NOW(), NOW()),
-- (@stat_id := @stat_id + 1, '2025-12-09', 969, 0.21, 2333, 9, 2.43, 61426, 1225.03, 0.27, 384, 5.79, NOW(), NOW()),
-- (@stat_id := @stat_id + 1, '2025-12-10', 970, 0.10, 2303, -1, 4.00, 61525, 1226.59, 0.13, 358, -6.77, NOW(), NOW()),
-- (@stat_id := @stat_id + 1, '2025-12-11', 973, 0.31, 2395, 3, 4.41, 61721, 1231.48, 0.40, 366, 2.23, NOW(), NOW()),
-- (@stat_id := @stat_id + 1, '2025-12-12', 974, 0.10, 1953, -18, 4.55, 61795, 1232.92, 0.12, 348, -4.92, NOW(), NOW()),
-- (@stat_id := @stat_id + 1, '2025-12-13', 975, 0.10, 1967, 0, 2.34, 61847, 1233.88, 0.08, 277, -20.40, NOW(), NOW()),
-- (@stat_id := @stat_id + 1, '2025-12-14', 976, 0.10, 2244, 14, 3.02, 61917, 1235.17, 0.11, 217, -21.66, NOW(), NOW());
